"year","area","month","cpue"
2010,"a",1,1.12736665469032
2010,"a",1,1.17560836347469
2010,"a",1,1.18130991133378
2010,"a",1,0.518813263483203
2010,"a",1,0.845852731662036
2010,"a",1,1.10233454514361
2010,"a",1,1.68379805102777
2010,"a",1,1.22359911402436
2010,"a",1,0.69181911215082
2010,"a",1,1.33372568127276
2010,"b",1,3.51771616678629
2010,"b",1,5.41098483719217
2010,"b",1,3.00227642464412
2010,"b",1,4.81976484264088
2010,"b",1,1.5211146617163
2010,"b",1,1.54008749624391
2010,"b",1,1.55566163387082
2010,"b",1,7.5926239155688
2010,"b",1,6.40819589527025
2010,"b",1,1.85803203591229
2010,"a",2,0.682625981787177
2010,"a",2,1.63284195257512
2010,"a",2,3.30568702442753
2010,"a",2,0.766589434474944
2010,"a",2,1.93110385518468
2010,"a",2,2.4695153520089
2010,"a",2,0.530895506382089
2010,"a",2,1.52948369645507
2010,"a",2,1.86361469530896
2010,"a",2,1.80345210368418
2010,"b",2,4.39426818587563
2010,"b",2,1.7770853123146
2010,"b",2,3.2203657598697
2010,"b",2,7.82405289121714
2010,"b",2,2.37947380510658
2010,"b",2,2.97444991091492
2010,"b",2,2.28796347486168
2010,"b",2,1.60523622341505
2010,"b",2,3.21266200894752
2010,"b",2,2.33259581357507
2010,"a",3,1.05859359109791
2010,"a",3,1.03472553110486
2010,"a",3,0.781128218664678
2010,"a",3,1.03233790673377
2010,"a",3,1.81798457375951
2010,"a",3,2.76870571702923
2010,"a",3,1.39393398982249
2010,"a",3,0.849369498342163
2010,"a",3,0.986996214631757
2010,"a",3,1.13062439424177
2010,"b",3,3.44393185567559
2010,"b",3,3.19628471131093
2010,"b",3,2.53559162267068
2010,"b",3,1.55892379038189
2010,"b",3,2.03991658069715
2010,"b",3,2.20083114211309
2010,"b",3,3.74944823943122
2010,"b",3,4.8332087049904
2010,"b",3,6.26145043514222
2010,"b",3,3.7451109249454
2010,"a",4,1.0426019482949
2010,"a",4,0.881688539923495
2010,"a",4,1.28477557767595
2010,"a",4,0.838533561139101
2010,"a",4,1.27065521768933
2010,"a",4,1.56374735181785
2010,"a",4,1.15472569231342
2010,"a",4,1.56118572792529
2010,"a",4,0.868900754834117
2010,"a",4,1.49019838867052
2010,"b",4,1.92656208154795
2010,"b",4,2.90895191369146
2010,"b",4,1.8902604172728
2010,"b",4,2.56654168122283
2010,"b",4,3.48224972100887
2010,"b",4,2.7118282261326
2010,"b",4,2.20554802415476
2010,"b",4,2.21692285240528
2010,"b",4,2.4149067266495
2010,"b",4,1.0324842234759
2010,"a",5,1.83584923565432
2010,"a",5,0.882815836987697
2010,"a",5,1.5312327004548
2010,"a",5,1.50343638330313
2010,"a",5,0.612533562176241
2010,"a",5,1.984904193968
2010,"a",5,1.86522622601711
2010,"a",5,1.89437910840489
2010,"a",5,1.18061334979152
2010,"a",5,1.8531653095999
2010,"b",5,3.08476051685049
2010,"b",5,1.82618255477034
2010,"b",5,1.31220927656922
2010,"b",5,3.42264791719466
2010,"b",5,4.19670616282166
2010,"b",5,1.36886293561128
2010,"b",5,3.62054143743213
2010,"b",5,1.52134633516863
2010,"b",5,4.3055173483889
2010,"b",5,3.21831023725485
2010,"a",6,1.11144467956905
2010,"a",6,1.82085016343101
2010,"a",6,0.570414601445383
2010,"a",6,0.853428738448364
2010,"a",6,0.725597238360644
2010,"a",6,2.45760443181188
2010,"a",6,0.67673945161475
2010,"a",6,0.992473239354096
2010,"a",6,0.884480884226857
2010,"a",6,1.18011034858805
2010,"b",6,6.21964683673168
2010,"b",6,2.8726271036166
2010,"b",6,0.616707391498442
2010,"b",6,2.05860692286345
2010,"b",6,2.60638300535635
2010,"b",6,2.52953277014734
2010,"b",6,1.66368600963529
2010,"b",6,3.96871305109461
2010,"b",6,5.57712197784977
2010,"b",6,1.64741002518742
2010,"a",7,1.69905784225042
2010,"a",7,1.95910775392402
2010,"a",7,1.2363283174976
2010,"a",7,3.33054318528305
2010,"a",7,0.815469705240319
2010,"a",7,0.723832649254144
2010,"a",7,1.9760349665944
2010,"a",7,1.22193293692353
2010,"a",7,3.60713063226808
2010,"a",7,0.761563169209767
2010,"b",7,1.63619741142634
2010,"b",7,2.08246467912942
2010,"b",7,2.80452194464052
2010,"b",7,2.10376167136032
2010,"b",7,2.19274110111426
2010,"b",7,2.41128547023142
2010,"b",7,2.60934450625815
2010,"b",7,4.18365456845418
2010,"b",7,2.35977581406492
2010,"b",7,3.21721351012453
2010,"a",8,1.43313583140423
2010,"a",8,1.67225650314303
2010,"a",8,0.992668299884008
2010,"a",8,1.24668702567159
2010,"a",8,1.7078943761672
2010,"a",8,1.19299121726724
2010,"a",8,1.44607205103154
2010,"a",8,1.54387469342086
2010,"a",8,1.38749495225411
2010,"a",8,0.930706169517163
2010,"b",8,1.71182146663021
2010,"b",8,2.80278967562656
2010,"b",8,1.17556858630332
2010,"b",8,2.11445273621378
2010,"b",8,4.03200562112313
2010,"b",8,0.942428429475941
2010,"b",8,2.55924467490367
2010,"b",8,1.96779414213887
2010,"b",8,2.14182998263405
2010,"b",8,1.44312463246217
2010,"a",9,0.694004914751575
2010,"a",9,1.20822534165892
2010,"a",9,1.01891760254034
2010,"a",9,0.956697711969537
2010,"a",9,1.96999322483192
2010,"a",9,2.03163253380969
2010,"a",9,0.507559700212569
2010,"a",9,2.93340588049284
2010,"a",9,1.54296298089203
2010,"a",9,2.59596846999089
2010,"b",9,4.8481724325085
2010,"b",9,2.09552182757244
2010,"b",9,3.47093057710734
2010,"b",9,5.39478216039219
2010,"b",9,4.03704008070532
2010,"b",9,2.90007596937973
2010,"b",9,1.46105371231501
2010,"b",9,3.00539916403916
2010,"b",9,2.69823024545256
2010,"b",9,1.52867584136042
2010,"a",10,1.87412813709391
2010,"a",10,1.62413416706331
2010,"a",10,1.74580283712449
2010,"a",10,1.07719698446241
2010,"a",10,0.66087971397064
2010,"a",10,1.00733590852112
2010,"a",10,2.0345906089133
2010,"a",10,1.44147470439237
2010,"a",10,1.56335774258838
2010,"a",10,0.979956946617979
2010,"b",10,1.77692127622097
2010,"b",10,1.85876095277683
2010,"b",10,1.15083463153234
2010,"b",10,3.9346741621846
2010,"b",10,2.32260178850405
2010,"b",10,3.96944625864662
2010,"b",10,2.85540448531979
2010,"b",10,1.34452633510203
2010,"b",10,3.76765519597592
2010,"b",10,3.51948239203871
2010,"a",11,1.19041929291867
2010,"a",11,2.33639624907992
2010,"a",11,0.695927583166377
2010,"a",11,2.13838534147017
2010,"a",11,1.27254162387314
2010,"a",11,2.29676422621153
2010,"a",11,2.43062314093492
2010,"a",11,1.06024302163717
2010,"a",11,2.36601927471963
2010,"a",11,1.02993047298758
2010,"b",11,4.07302404808924
2010,"b",11,2.72040585500108
2010,"b",11,7.63575994399261
2010,"b",11,1.26734882303222
2010,"b",11,2.7711293431227
2010,"b",11,2.21198476406356
2010,"b",11,2.37404926885747
2010,"b",11,1.84485554178615
2010,"b",11,5.52802136091298
2010,"b",11,1.29318031932492
2010,"a",12,2.79210852654993
2010,"a",12,1.49312933380463
2010,"a",12,0.566763182823791
2010,"a",12,2.1238628259307
2010,"a",12,1.50820993656515
2010,"a",12,0.767669196205372
2010,"a",12,1.40806864208417
2010,"a",12,0.589911116056375
2010,"a",12,1.1371294963887
2010,"a",12,1.72596349017085
2010,"b",12,1.47133166517557
2010,"b",12,3.24773016358835
2010,"b",12,1.73834610002856
2010,"b",12,2.17473476490087
2010,"b",12,3.31932259406126
2010,"b",12,0.493074389014822
2010,"b",12,2.52800276859487
2010,"b",12,2.63203512604813
2010,"b",12,1.26946457018899
2010,"b",12,3.13505585239501
2011,"a",1,0.65415722032889
2011,"a",1,1.10092635007399
2011,"a",1,1.84584553425684
2011,"a",1,3.00302904336232
2011,"a",1,3.03156078040669
2011,"a",1,1.09321998836566
2011,"a",1,0.697681250060108
2011,"a",1,1.14026825349638
2011,"a",1,2.04968752008107
2011,"a",1,1.35422441736935
2011,"b",1,6.19053970507356
2011,"b",1,7.22520476358126
2011,"b",1,1.6867670190877
2011,"b",1,2.99417223092792
2011,"b",1,1.16743182410093
2011,"b",1,3.6319331693344
2011,"b",1,1.64168138277141
2011,"b",1,4.60874294528927
2011,"b",1,1.29339453123099
2011,"b",1,3.30107189182681
2011,"a",2,0.721585891665409
2011,"a",2,2.3743875311084
2011,"a",2,0.749556713015
2011,"a",2,0.921643912948014
2011,"a",2,1.44561423150633
2011,"a",2,0.780245558540599
2011,"a",2,3.05422821935164
2011,"a",2,1.0606094222274
2011,"a",2,1.16358462540694
2011,"a",2,2.4286347679292
2011,"b",2,1.73297514841816
2011,"b",2,4.05436823393584
2011,"b",2,5.4357270611353
2011,"b",2,1.142793502298
2011,"b",2,6.41966838693714
2011,"b",2,1.58545174002901
2011,"b",2,3.52914964818584
2011,"b",2,1.40141118383391
2011,"b",2,1.16926533931178
2011,"b",2,3.23808380056653
2011,"a",3,1.47845679392943
2011,"a",3,1.15834267156813
2011,"a",3,1.8599794155474
2011,"a",3,1.00652746739539
2011,"a",3,0.760030458169884
2011,"a",3,3.52652520496077
2011,"a",3,1.2447568317
2011,"a",3,1.72271343925837
2011,"a",3,0.929685421857169
2011,"a",3,1.88424994679245
2011,"b",3,1.04416230402102
2011,"b",3,2.00560416521131
2011,"b",3,3.13532817166546
2011,"b",3,2.86608467012908
2011,"b",3,3.27770428520297
2011,"b",3,2.09550081997515
2011,"b",3,1.26578441316563
2011,"b",3,3.40580391758329
2011,"b",3,1.32482782018388
2011,"b",3,1.57678855332821
2011,"a",4,1.69265881815903
2011,"a",4,0.898328727817
2011,"a",4,0.621318131003157
2011,"a",4,1.41506189908984
2011,"a",4,0.94559990430061
2011,"a",4,1.84969830195696
2011,"a",4,2.19479251666071
2011,"a",4,1.65872971136959
2011,"a",4,0.881349357622717
2011,"a",4,2.74726875143479
2011,"b",4,1.27289898782113
2011,"b",4,2.54885781951567
2011,"b",4,2.4725883912735
2011,"b",4,1.44508497540268
2011,"b",4,1.65342913455153
2011,"b",4,5.37017524725505
2011,"b",4,1.9013422911837
2011,"b",4,1.73548522581659
2011,"b",4,1.42631626853428
2011,"b",4,4.05461001552953
2011,"a",5,2.4094062060354
2011,"a",5,1.55888977342002
2011,"a",5,2.40125734886405
2011,"a",5,2.52380872579931
2011,"a",5,1.47990830481257
2011,"a",5,1.26783506931013
2011,"a",5,0.943659358615315
2011,"a",5,2.63150195135829
2011,"a",5,3.19763255877039
2011,"a",5,1.02284643178671
2011,"b",5,1.84190823315288
2011,"b",5,0.858429317195753
2011,"b",5,1.4605825779691
2011,"b",5,1.89598002027546
2011,"b",5,2.9501755620743
2011,"b",5,1.17558664296628
2011,"b",5,1.70374189876734
2011,"b",5,2.71266183964619
2011,"b",5,1.51055624235596
2011,"b",5,1.82883649695954
2011,"a",6,1.35162517595525
2011,"a",6,2.43419536241264
2011,"a",6,0.574325089861536
2011,"a",6,1.82341866617778
2011,"a",6,1.44155763042519
2011,"a",6,1.18704005546901
2011,"a",6,1.01919769514014
2011,"a",6,1.00981928952172
2011,"a",6,1.77348497498779
2011,"a",6,1.1070388413613
2011,"b",6,3.67358811175208
2011,"b",6,2.78978792954104
2011,"b",6,2.5260220624365
2011,"b",6,2.2225691190645
2011,"b",6,1.66203693954409
2011,"b",6,5.76798948435956
2011,"b",6,1.44188083300664
2011,"b",6,1.91350688481341
2011,"b",6,2.00970013073299
2011,"b",6,1.42798455458391
2011,"a",7,1.22039228887874
2011,"a",7,1.01667352385159
2011,"a",7,1.76321856410235
2011,"a",7,1.80805432767482
2011,"a",7,1.70851347481187
2011,"a",7,1.38679913430194
2011,"a",7,2.38795756994747
2011,"a",7,0.986083765722453
2011,"a",7,1.67878449849911
2011,"a",7,2.98628541946967
2011,"b",7,1.83457759984803
2011,"b",7,0.764190354335376
2011,"b",7,1.66711212767351
2011,"b",7,2.57813061948533
2011,"b",7,1.08217399270286
2011,"b",7,2.40061002265683
2011,"b",7,7.51607657319545
2011,"b",7,2.49485825883523
2011,"b",7,1.07360468165497
2011,"b",7,1.59908469463066
2011,"a",8,0.974678838231608
2011,"a",8,0.650258677977464
2011,"a",8,3.16985833174708
2011,"a",8,1.3792201818798
2011,"a",8,1.37758387162632
2011,"a",8,1.54756510993298
2011,"a",8,2.90445053188817
2011,"a",8,1.4473755254259
2011,"a",8,0.841169497749514
2011,"a",8,1.52035423907157
2011,"b",8,2.20502914207553
2011,"b",8,2.14127347980798
2011,"b",8,1.20612882296771
2011,"b",8,1.95788782433561
2011,"b",8,1.36588840998257
2011,"b",8,1.44443138704969
2011,"b",8,3.00413168396146
2011,"b",8,1.01641426597204
2011,"b",8,3.58381549422268
2011,"b",8,3.63303119996854
2011,"a",9,2.77012429868662
2011,"a",9,1.23115846326972
2011,"a",9,1.03253527592655
2011,"a",9,0.560501354131405
2011,"a",9,2.0246715756819
2011,"a",9,1.27514796346468
2011,"a",9,1.37163058452399
2011,"a",9,0.810163618055929
2011,"a",9,1.70658865985076
2011,"a",9,0.640034660742461
2011,"b",9,1.38254950422614
2011,"b",9,1.34031045206058
2011,"b",9,1.25011057131155
2011,"b",9,2.22476776405281
2011,"b",9,3.92483423782169
2011,"b",9,2.03835289583445
2011,"b",9,2.03818051546398
2011,"b",9,5.27355649497676
2011,"b",9,1.35415665473014
2011,"b",9,1.31097043098922
2011,"a",10,2.11093870236078
2011,"a",10,1.81536379396781
2011,"a",10,2.22723279683104
2011,"a",10,1.15503362089044
2011,"a",10,0.835884586009191
2011,"a",10,0.650472654779853
2011,"a",10,3.24517136118035
2011,"a",10,1.81962646519282
2011,"a",10,0.779527279376054
2011,"a",10,1.63256685539452
2011,"b",10,1.42583399582749
2011,"b",10,1.70263192932602
2011,"b",10,1.00476662631161
2011,"b",10,2.85131153290362
2011,"b",10,4.05658471719406
2011,"b",10,0.516250062588522
2011,"b",10,1.88286332386958
2011,"b",10,1.58885336621509
2011,"b",10,1.20908954943894
2011,"b",10,1.24153599484186
2011,"a",11,0.680376334028772
2011,"a",11,1.34973725268733
2011,"a",11,0.851804024809375
2011,"a",11,1.17539401934687
2011,"a",11,0.97209504135687
2011,"a",11,1.36846722379117
2011,"a",11,1.7300701826935
2011,"a",11,1.91185894425449
2011,"a",11,0.565223444475101
2011,"a",11,1.23873380986082
2011,"b",11,2.70901101774159
2011,"b",11,1.98741850409415
2011,"b",11,1.75791070153031
2011,"b",11,2.16350561249444
2011,"b",11,1.91133073293427
2011,"b",11,2.81829412281506
2011,"b",11,2.60625140254611
2011,"b",11,1.41901410487171
2011,"b",11,1.63753066783662
2011,"b",11,5.18353082695249
2011,"a",12,0.957244739962798
2011,"a",12,2.25870022063436
2011,"a",12,1.03437280388148
2011,"a",12,1.11266680714975
2011,"a",12,1.93334798407117
2011,"a",12,1.94739753271821
2011,"a",12,1.25718487946077
2011,"a",12,2.62971366326812
2011,"a",12,1.079571370287
2011,"a",12,1.81219727271356
2011,"b",12,1.20015572168227
2011,"b",12,1.6710499944901
2011,"b",12,2.77133297256629
2011,"b",12,1.42152638532284
2011,"b",12,1.34486887790183
2011,"b",12,5.04200828502121
2011,"b",12,2.67530691209557
2011,"b",12,3.36275449324619
2011,"b",12,1.71103896023638
2011,"b",12,3.41078554530783
2012,"a",1,2.29564990360625
2012,"a",1,0.651154650005131
2012,"a",1,1.10804261506782
2012,"a",1,3.23060173507083
2012,"a",1,5.39570627044279
2012,"a",1,1.608591040846
2012,"a",1,2.69321246116567
2012,"a",1,1.21270359865374
2012,"a",1,2.51333191244819
2012,"a",1,1.49693889075982
2012,"b",1,3.17682510382647
2012,"b",1,3.11525050498313
2012,"b",1,6.72831310408089
2012,"b",1,1.93640787599528
2012,"b",1,2.83347025856001
2012,"b",1,1.85166300919862
2012,"b",1,3.22397104198182
2012,"b",1,1.23995463492428
2012,"b",1,4.11074423368945
2012,"b",1,3.23376385167794
2012,"a",2,1.82378020532208
2012,"a",2,1.24383758016197
2012,"a",2,1.55518386120244
2012,"a",2,1.24598768108001
2012,"a",2,1.18111692400501
2012,"a",2,1.0820585676858
2012,"a",2,0.905543294230002
2012,"a",2,1.12323244701123
2012,"a",2,2.95737218246701
2012,"a",2,0.670401790577461
2012,"b",2,1.28693197133411
2012,"b",2,0.805260764320664
2012,"b",2,1.41891584960368
2012,"b",2,1.49468219699809
2012,"b",2,2.17142919706783
2012,"b",2,3.23633883243018
2012,"b",2,2.82420605072794
2012,"b",2,2.59790816476137
2012,"b",2,1.53337701376157
2012,"b",2,2.49935095154562
2012,"a",3,0.73523823371472
2012,"a",3,1.78849787878844
2012,"a",3,2.48725981912557
2012,"a",3,0.874855967256217
2012,"a",3,1.0296508135762
2012,"a",3,1.62495441790761
2012,"a",3,5.66042614521479
2012,"a",3,1.61242927953197
2012,"a",3,1.20950876438182
2012,"a",3,3.54533211968765
2012,"b",3,2.37337838921327
2012,"b",3,2.77834356602626
2012,"b",3,2.86844105976509
2012,"b",3,0.51107693357501
2012,"b",3,2.86434855144323
2012,"b",3,1.2825012108861
2012,"b",3,2.7330559863859
2012,"b",3,1.33143348408231
2012,"b",3,3.27107365840794
2012,"b",3,1.04990556357004
2012,"a",4,0.647646574470998
2012,"a",4,1.23363007494489
2012,"a",4,1.45814243300277
2012,"a",4,1.64053611805156
2012,"a",4,0.855939078601825
2012,"a",4,2.9412044106746
2012,"a",4,0.959193682144896
2012,"a",4,1.80033198648479
2012,"a",4,1.52089964231036
2012,"a",4,2.34595690475895
2012,"b",4,1.17041043978993
2012,"b",4,1.05824912291469
2012,"b",4,1.60003771981322
2012,"b",4,1.31108512159968
2012,"b",4,2.15678673013092
2012,"b",4,1.398288313513
2012,"b",4,0.95001430060164
2012,"b",4,1.91454929222083
2012,"b",4,1.88575592758669
2012,"b",4,0.865504223569208
2012,"a",5,2.1291527735532
2012,"a",5,1.27865225517865
2012,"a",5,2.68683847924602
2012,"a",5,0.602857996591159
2012,"a",5,1.51023096963854
2012,"a",5,1.59356217893424
2012,"a",5,1.99844768186051
2012,"a",5,1.39357930370782
2012,"a",5,1.66722257676323
2012,"a",5,1.17557631719423
2012,"b",5,2.45124829477634
2012,"b",5,3.23934299964284
2012,"b",5,2.93696837919808
2012,"b",5,3.56120907292977
2012,"b",5,1.79521065444144
2012,"b",5,1.39387454291725
2012,"b",5,2.54971761249689
2012,"b",5,3.07243436641496
2012,"b",5,3.6407437366094
2012,"b",5,1.29909295045027
2012,"a",6,1.56296943297593
2012,"a",6,1.0746824999967
2012,"a",6,1.4623853633292
2012,"a",6,1.18291074438098
2012,"a",6,1.05258671871965
2012,"a",6,0.46823499810287
2012,"a",6,1.83952324690083
2012,"a",6,0.755141741346063
2012,"a",6,1.9770507046744
2012,"a",6,2.51066665911988
2012,"b",6,3.06047883890918
2012,"b",6,4.33547542251044
2012,"b",6,0.452873909327964
2012,"b",6,2.3553166689394
2012,"b",6,1.677898596733
2012,"b",6,2.00236497876436
2012,"b",6,1.5747916015811
2012,"b",6,2.26852105248001
2012,"b",6,4.24000165694548
2012,"b",6,4.31993407679033
2012,"a",7,1.15032360071635
2012,"a",7,1.56617626783321
2012,"a",7,1.16245966507078
2012,"a",7,0.988501192112359
2012,"a",7,1.77547356037763
2012,"a",7,2.07523345221713
2012,"a",7,0.742193531729331
2012,"a",7,0.675643482943515
2012,"a",7,1.57064846299806
2012,"a",7,0.767863506757448
2012,"b",7,1.14235322182778
2012,"b",7,1.7239179110916
2012,"b",7,1.58771496143147
2012,"b",7,2.58217151632298
2012,"b",7,1.52157871124294
2012,"b",7,1.83519052307115
2012,"b",7,2.45092760816864
2012,"b",7,2.5825102325052
2012,"b",7,2.15182888146448
2012,"b",7,4.3208229518028
2012,"a",8,1.19920294619931
2012,"a",8,1.72319995730798
2012,"a",8,1.12997178317781
2012,"a",8,2.53809177558982
2012,"a",8,2.23202528166764
2012,"a",8,1.33154661779897
2012,"a",8,0.674523840908034
2012,"a",8,3.0581841271543
2012,"a",8,0.78911811872742
2012,"a",8,0.555987045827103
2012,"b",8,1.78655349960025
2012,"b",8,1.22617714776641
2012,"b",8,1.73310518230555
2012,"b",8,1.28476149546301
2012,"b",8,1.73023314591696
2012,"b",8,2.06314542647454
2012,"b",8,0.845051832908575
2012,"b",8,1.51742708732941
2012,"b",8,1.75753355204085
2012,"b",8,1.14431939667572
2012,"a",9,2.86009915492073
2012,"a",9,1.0225734279646
2012,"a",9,1.37902944767748
2012,"a",9,2.4285124050449
2012,"a",9,0.52617082699451
2012,"a",9,0.823725910717159
2012,"a",9,1.83070785421282
2012,"a",9,0.717255347952034
2012,"a",9,1.05357072669359
2012,"a",9,0.894101729362786
2012,"b",9,1.55186460887304
2012,"b",9,1.08243646490251
2012,"b",9,3.80335420488819
2012,"b",9,1.53142810440477
2012,"b",9,1.96539169397116
2012,"b",9,1.59200128234681
2012,"b",9,1.14943724974139
2012,"b",9,2.08786724079418
2012,"b",9,2.05760115945817
2012,"b",9,1.65921101611754
2012,"a",10,0.656843225086156
2012,"a",10,1.32624113869263
2012,"a",10,0.444763972408762
2012,"a",10,1.766202180361
2012,"a",10,1.77442922851069
2012,"a",10,0.91738685557148
2012,"a",10,1.88553293601656
2012,"a",10,1.30971130045234
2012,"a",10,1.56436714017928
2012,"a",10,1.25982668181835
2012,"b",10,1.84916968046405
2012,"b",10,2.91376371862852
2012,"b",10,2.41218460654528
2012,"b",10,1.58509021274498
2012,"b",10,1.83703122708165
2012,"b",10,0.992437549078511
2012,"b",10,2.13474248133972
2012,"b",10,4.10157112821679
2012,"b",10,3.90436016924956
2012,"b",10,1.92283760728702
2012,"a",11,2.47619065367068
2012,"a",11,1.69901766281571
2012,"a",11,0.909030759022749
2012,"a",11,1.60792877451461
2012,"a",11,2.13932373134944
2012,"a",11,3.23420576881472
2012,"a",11,2.7174493597713
2012,"a",11,1.40177241439462
2012,"a",11,0.886360941166923
2012,"a",11,1.56695391830013
2012,"b",11,1.34559995733822
2012,"b",11,2.018672993711
2012,"b",11,3.04588256185169
2012,"b",11,1.26575835407796
2012,"b",11,2.93745360259497
2012,"b",11,1.20127932205669
2012,"b",11,1.77090207887492
2012,"b",11,1.84948659253367
2012,"b",11,1.8505183878468
2012,"b",11,2.59537535287857
2012,"a",12,0.625625171974634
2012,"a",12,1.32436052058013
2012,"a",12,1.18167769514672
2012,"a",12,0.889572088335185
2012,"a",12,2.19725780023579
2012,"a",12,1.01278635132989
2012,"a",12,0.752081955374116
2012,"a",12,3.39745519974285
2012,"a",12,0.977124896877371
2012,"a",12,1.21263460532756
2012,"b",12,1.51570181759344
2012,"b",12,2.02120064917715
2012,"b",12,1.92593914990145
2012,"b",12,1.39532278569761
2012,"b",12,1.86435123652423
2012,"b",12,2.50883206348594
2012,"b",12,2.62166088675641
2012,"b",12,2.10714638890574
2012,"b",12,1.68636317427559
2012,"b",12,1.52349627994116
2013,"a",1,1.73389191697899
2013,"a",1,2.70967128296266
2013,"a",1,2.00831664627443
2013,"a",1,1.5779837780179
2013,"a",1,0.709520348512575
2013,"a",1,2.92009955539458
2013,"a",1,1.81603783249187
2013,"a",1,2.66762105052293
2013,"a",1,0.87144436223101
2013,"a",1,0.396910850275946
2013,"b",1,0.780851199027708
2013,"b",1,2.22068264867941
2013,"b",1,4.57745316785571
2013,"b",1,1.48119230331084
2013,"b",1,1.38580135278782
2013,"b",1,2.19484601288456
2013,"b",1,2.88273350739441
2013,"b",1,0.784357925151759
2013,"b",1,6.16000195651421
2013,"b",1,1.34657496781602
2013,"a",2,1.81911414407943
2013,"a",2,2.11275186047675
2013,"a",2,1.81120783700135
2013,"a",2,1.8307174874185
2013,"a",2,1.279871255037
2013,"a",2,1.97905386520399
2013,"a",2,1.41514762132326
2013,"a",2,0.839133809310157
2013,"a",2,0.791537213108902
2013,"a",2,1.88607888570673
2013,"b",2,1.77216021149895
2013,"b",2,1.7879840808577
2013,"b",2,1.77790774869174
2013,"b",2,2.06366093593634
2013,"b",2,1.97249025512596
2013,"b",2,2.80299160443994
2013,"b",2,3.56817281535413
2013,"b",2,2.58212565587201
2013,"b",2,2.11483847267568
2013,"b",2,3.64844321032941
2013,"a",3,0.696229265324662
2013,"a",3,1.1074810438647
2013,"a",3,2.31708091899139
2013,"a",3,1.08232718728741
2013,"a",3,0.967857465910583
2013,"a",3,2.19480698807055
2013,"a",3,2.17324909649098
2013,"a",3,2.08773770065969
2013,"a",3,0.737250262477567
2013,"a",3,0.533024167055468
2013,"b",3,1.28900118680675
2013,"b",3,2.70226612241088
2013,"b",3,3.66712314277694
2013,"b",3,1.07040701841474
2013,"b",3,0.581424921205605
2013,"b",3,1.27614672298028
2013,"b",3,1.58946642457816
2013,"b",3,1.35819786708095
2013,"b",3,2.67450910749698
2013,"b",3,2.40064552856484
2013,"a",4,1.73268963865951
2013,"a",4,1.39209574064231
2013,"a",4,1.05744753224585
2013,"a",4,1.09276760698124
2013,"a",4,1.48800990523815
2013,"a",4,0.73876931754104
2013,"a",4,1.05261595751197
2013,"a",4,1.24442407692554
2013,"a",4,2.500418932701
2013,"a",4,0.928523040428882
2013,"b",4,1.1016119146805
2013,"b",4,3.69710918423634
2013,"b",4,1.47808476535992
2013,"b",4,1.53483623012287
2013,"b",4,1.56026348491476
2013,"b",4,1.52717232822661
2013,"b",4,1.98253433519388
2013,"b",4,0.990023259057673
2013,"b",4,1.19724763126235
2013,"b",4,2.35822670943722
2013,"a",5,0.859778197246767
2013,"a",5,0.869077568440336
2013,"a",5,1.41049382820656
2013,"a",5,1.88143066474494
2013,"a",5,1.04051526290655
2013,"a",5,0.784038489849958
2013,"a",5,0.535032702153331
2013,"a",5,1.1259281873072
2013,"a",5,1.1988576864887
2013,"a",5,1.95763070799014
2013,"b",5,2.00718390818
2013,"b",5,1.57932707648317
2013,"b",5,1.63249285293492
2013,"b",5,1.76930501933043
2013,"b",5,2.45727634994257
2013,"b",5,4.45080792046882
2013,"b",5,1.53251401349755
2013,"b",5,0.872954391456784
2013,"b",5,1.65155243313428
2013,"b",5,2.78018333258802
2013,"a",6,3.78255649308353
2013,"a",6,1.49431468648299
2013,"a",6,0.96565825250579
2013,"a",6,1.56214080841481
2013,"a",6,0.735874658707596
2013,"a",6,1.69752280061025
2013,"a",6,1.33139260173059
2013,"a",6,1.56029958908059
2013,"a",6,2.19365556242394
2013,"a",6,1.34730693341017
2013,"b",6,2.01604994277024
2013,"b",6,1.99387590935611
2013,"b",6,2.17745068504641
2013,"b",6,0.540951863181339
2013,"b",6,1.2786157594899
2013,"b",6,1.32918146367002
2013,"b",6,1.37444156330365
2013,"b",6,1.58151030051347
2013,"b",6,2.8104965938444
2013,"b",6,1.16983158316869
2013,"a",7,1.09729585669057
2013,"a",7,1.11636709786734
2013,"a",7,2.03052869141003
2013,"a",7,1.26161013667773
2013,"a",7,0.970531776662835
2013,"a",7,1.30935380826253
2013,"a",7,1.86247404600765
2013,"a",7,0.695000853899558
2013,"a",7,1.7766730354228
2013,"a",7,1.80001232708226
2013,"b",7,1.51842176671074
2013,"b",7,1.89866898395608
2013,"b",7,1.76790276492109
2013,"b",7,2.48729990534491
2013,"b",7,0.840754037732478
2013,"b",7,1.30474286714655
2013,"b",7,3.0057920897998
2013,"b",7,1.81323092626269
2013,"b",7,2.56944130053254
2013,"b",7,2.78335082134677
2013,"a",8,1.83042566871558
2013,"a",8,0.613385229673461
2013,"a",8,1.55353774631893
2013,"a",8,3.38972917242849
2013,"a",8,0.50365223961763
2013,"a",8,1.19109143763165
2013,"a",8,2.42630577285879
2013,"a",8,2.57395669458144
2013,"a",8,1.66877997137464
2013,"a",8,0.809188327770372
2013,"b",8,0.793934471195674
2013,"b",8,1.78344377171447
2013,"b",8,1.17395478358969
2013,"b",8,2.22656542634743
2013,"b",8,2.95916034350803
2013,"b",8,2.72714661167028
2013,"b",8,2.88881249228958
2013,"b",8,1.97348495644735
2013,"b",8,0.414463902559783
2013,"b",8,1.88293204076778
2013,"a",9,1.45632210800906
2013,"a",9,4.72196912271187
2013,"a",9,1.15722393323717
2013,"a",9,1.14386042511532
2013,"a",9,1.34361923548352
2013,"a",9,1.25817058317518
2013,"a",9,1.48508779773473
2013,"a",9,1.08005135923335
2013,"a",9,2.15579628089758
2013,"a",9,1.50958350147977
2013,"b",9,1.74180788592189
2013,"b",9,1.68428616789765
2013,"b",9,3.9629260547819
2013,"b",9,2.24653610592186
2013,"b",9,2.17881235259191
2013,"b",9,0.747545691899664
2013,"b",9,2.63978153997411
2013,"b",9,0.903960694466119
2013,"b",9,2.49961754492741
2013,"b",9,1.03607089481988
2013,"a",10,1.83249914888321
2013,"a",10,0.754136037688637
2013,"a",10,1.39251398894563
2013,"a",10,7.14681426596404
2013,"a",10,1.09118279380764
2013,"a",10,0.851299234530504
2013,"a",10,2.24709580928349
2013,"a",10,1.44955272638779
2013,"a",10,0.940093451670169
2013,"a",10,1.58030534776138
2013,"b",10,2.70387055959379
2013,"b",10,1.01580225418874
2013,"b",10,1.60565060095751
2013,"b",10,1.35262807376972
2013,"b",10,0.680837518378165
2013,"b",10,0.503163419860999
2013,"b",10,0.601501016760392
2013,"b",10,2.32305026337418
2013,"b",10,2.14300483475447
2013,"b",10,1.41710074047241
2013,"a",11,2.19224588019741
2013,"a",11,0.952026044997401
2013,"a",11,0.74310312188567
2013,"a",11,1.75967485104483
2013,"a",11,1.43976716435614
2013,"a",11,1.03799323116734
2013,"a",11,0.900453990147525
2013,"a",11,0.920040473956322
2013,"a",11,1.81469837777839
2013,"a",11,1.03295020969391
2013,"b",11,2.30386008208866
2013,"b",11,2.86779732134576
2013,"b",11,1.27107508851364
2013,"b",11,0.632723121364828
2013,"b",11,1.68252049492739
2013,"b",11,1.25898885514368
2013,"b",11,0.937863008493774
2013,"b",11,1.41665900547154
2013,"b",11,2.15463728806084
2013,"b",11,0.810372366835375
2013,"a",12,3.09746701426769
2013,"a",12,1.1030761251452
2013,"a",12,0.985184061855385
2013,"a",12,1.97557007878755
2013,"a",12,1.75930621320047
2013,"a",12,5.50259283857162
2013,"a",12,1.33094361208426
2013,"a",12,0.698572061223103
2013,"a",12,2.3107978094234
2013,"a",12,2.21883739780306
2013,"b",12,3.84058609121241
2013,"b",12,2.57955541206354
2013,"b",12,1.74232838671205
2013,"b",12,1.90072298960921
2013,"b",12,1.64554854606047
2013,"b",12,2.87338257935874
2013,"b",12,1.93417096437609
2013,"b",12,1.27502457969724
2013,"b",12,2.10666059628927
2013,"b",12,1.90027558253936
2014,"a",1,0.955338819252192
2014,"a",1,2.8284004869241
2014,"a",1,1.88974809757519
2014,"a",1,0.86855494256779
2014,"a",1,1.08372300579827
2014,"a",1,1.34954268462168
2014,"a",1,0.699970398604753
2014,"a",1,1.29988974726232
2014,"a",1,3.67448029046257
2014,"a",1,1.88162262228048
2014,"b",1,3.9586219671898
2014,"b",1,2.94611638383758
2014,"b",1,2.31812117574678
2014,"b",1,4.04549888727985
2014,"b",1,6.76643010976995
2014,"b",1,9.53694841112923
2014,"b",1,2.23849066648166
2014,"b",1,0.772161139378669
2014,"b",1,1.09719475724184
2014,"b",1,1.01236622470307
2014,"a",2,1.58325109670799
2014,"a",2,1.2768334878758
2014,"a",2,1.3377007798839
2014,"a",2,1.80153748787247
2014,"a",2,2.08720853038345
2014,"a",2,4.13974627039778
2014,"a",2,3.46558045853025
2014,"a",2,1.42710841640026
2014,"a",2,1.23914746880584
2014,"a",2,2.4250156832525
2014,"b",2,0.709688574243548
2014,"b",2,1.70602128333451
2014,"b",2,1.8087647578686
2014,"b",2,3.52410396899187
2014,"b",2,1.44637090852077
2014,"b",2,1.71657850003255
2014,"b",2,4.07611756373639
2014,"b",2,1.52604752929085
2014,"b",2,2.31412799641442
2014,"b",2,1.72444311164122
2014,"a",3,1.23494163068224
2014,"a",3,1.47174792116561
2014,"a",3,1.91844165116225
2014,"a",3,1.93270070066635
2014,"a",3,1.05662163978342
2014,"a",3,1.76672156407605
2014,"a",3,1.0556474003996
2014,"a",3,0.859310708485953
2014,"a",3,4.40560544489013
2014,"a",3,2.86313689451771
2014,"b",3,5.77494398372685
2014,"b",3,1.65533823976737
2014,"b",3,0.961952782818085
2014,"b",3,1.21236276862894
2014,"b",3,2.21343972150977
2014,"b",3,0.703268983437853
2014,"b",3,0.639738778695818
2014,"b",3,1.6512288909142
2014,"b",3,1.5562608794857
2014,"b",3,1.83414973782464
2014,"a",4,2.3793502197726
2014,"a",4,1.69423947212632
2014,"a",4,2.77471710581463
2014,"a",4,1.49911124078224
2014,"a",4,1.16226026935213
2014,"a",4,2.06037815941043
2014,"a",4,0.783618415125748
2014,"a",4,1.14800637493784
2014,"a",4,1.79472191204585
2014,"a",4,1.20936487559361
2014,"b",4,1.77394129565157
2014,"b",4,2.65179619616824
2014,"b",4,0.961988660607234
2014,"b",4,3.67131685955402
2014,"b",4,1.86002300879681
2014,"b",4,1.28415875121067
2014,"b",4,1.56995997060733
2014,"b",4,1.55989782313966
2014,"b",4,1.42114746631131
2014,"b",4,1.01284022807539
2014,"a",5,2.18019258087467
2014,"a",5,2.67818553234706
2014,"a",5,1.2495265852842
2014,"a",5,2.04994599742168
2014,"a",5,2.52126635222086
2014,"a",5,1.90020199953242
2014,"a",5,3.96693692324909
2014,"a",5,2.86488254137467
2014,"a",5,0.327859603825866
2014,"a",5,1.22289808270686
2014,"b",5,1.30588185974225
2014,"b",5,2.55216986212432
2014,"b",5,1.91447641933662
2014,"b",5,1.16733457254022
2014,"b",5,1.71104215111582
2014,"b",5,7.01865259302757
2014,"b",5,2.44281602333429
2014,"b",5,2.41610370657909
2014,"b",5,2.63188447600814
2014,"b",5,1.82709329913655
2014,"a",6,0.553752751096853
2014,"a",6,0.44208846540161
2014,"a",6,1.84371699709495
2014,"a",6,1.67299393965645
2014,"a",6,1.78063338041756
2014,"a",6,4.34314691170376
2014,"a",6,2.40261643778013
2014,"a",6,1.28474246261902
2014,"a",6,4.17098487088709
2014,"a",6,0.972474057931042
2014,"b",6,2.81338487466159
2014,"b",6,1.14471912913142
2014,"b",6,1.15492938175393
2014,"b",6,1.67356341458543
2014,"b",6,1.42439711038059
2014,"b",6,1.55914489745546
2014,"b",6,0.659671666273991
2014,"b",6,3.74029036609161
2014,"b",6,9.26170620746283
2014,"b",6,0.637642789085629
2014,"a",7,1.72096996942343
2014,"a",7,1.42008072761351
2014,"a",7,1.73543485255323
2014,"a",7,1.15471784403051
2014,"a",7,1.73069839489511
2014,"a",7,1.3292627858982
2014,"a",7,1.24922523134259
2014,"a",7,0.607607657639652
2014,"a",7,1.21143032950237
2014,"a",7,1.77757948649487
2014,"b",7,1.419817848195
2014,"b",7,1.56867742892916
2014,"b",7,0.737889522094747
2014,"b",7,3.60985625048248
2014,"b",7,1.64791014245976
2014,"b",7,1.42161051412969
2014,"b",7,0.882855495244935
2014,"b",7,0.552222441724911
2014,"b",7,0.828263351243745
2014,"b",7,1.73229368064685
2014,"a",8,2.74328923563517
2014,"a",8,1.07786723050031
2014,"a",8,0.995395685648821
2014,"a",8,2.07534572537139
2014,"a",8,2.16273683492199
2014,"a",8,0.841047823344918
2014,"a",8,2.96253073170024
2014,"a",8,0.788114132232753
2014,"a",8,2.15171896077028
2014,"a",8,2.22794099557109
2014,"b",8,0.891334466988614
2014,"b",8,1.26587452181764
2014,"b",8,2.3361651517821
2014,"b",8,0.56446478958753
2014,"b",8,0.839726200870548
2014,"b",8,2.15584394814393
2014,"b",8,1.44663245120506
2014,"b",8,1.15976061177208
2014,"b",8,1.50742886649237
2014,"b",8,2.20522063670263
2014,"a",9,1.80181276810915
2014,"a",9,0.996223468736472
2014,"a",9,2.19720777934684
2014,"a",9,2.10726384769091
2014,"a",9,1.21564005744725
2014,"a",9,0.966335443788842
2014,"a",9,3.57521220958813
2014,"a",9,1.15298989359895
2014,"a",9,1.28166859673008
2014,"a",9,1.02167088281795
2014,"b",9,2.45077237468909
2014,"b",9,1.63950971024683
2014,"b",9,2.21815791882798
2014,"b",9,3.96360901094931
2014,"b",9,1.63341447894852
2014,"b",9,4.26027050910811
2014,"b",9,0.964513302169118
2014,"b",9,2.23388831573697
2014,"b",9,3.0442166956269
2014,"b",9,3.39802293450465
2014,"a",10,1.13226512898253
2014,"a",10,1.25954452047776
2014,"a",10,1.07309884319508
2014,"a",10,1.85563878210755
2014,"a",10,1.25872916074824
2014,"a",10,2.5197632283827
2014,"a",10,0.888476329516272
2014,"a",10,0.842012202356709
2014,"a",10,1.86812758841804
2014,"a",10,1.39225293272832
2014,"b",10,0.598021203103408
2014,"b",10,1.55316356235114
2014,"b",10,1.21288882435632
2014,"b",10,1.66085112072114
2014,"b",10,1.550575363364
2014,"b",10,0.601127400121412
2014,"b",10,1.05325830345304
2014,"b",10,1.71597206723428
2014,"b",10,1.11214284569544
2014,"b",10,0.580268918442845
2014,"a",11,1.84079267213233
2014,"a",11,1.4666388446
2014,"a",11,1.88887734137692
2014,"a",11,2.64856232913898
2014,"a",11,0.8260440220639
2014,"a",11,0.504761209194
2014,"a",11,1.62100878864295
2014,"a",11,1.03555470757549
2014,"a",11,1.07848150714749
2014,"a",11,0.940225884349219
2014,"b",11,2.65695140163628
2014,"b",11,1.55351602776805
2014,"b",11,4.58651394119871
2014,"b",11,0.601993770249886
2014,"b",11,1.98419278868649
2014,"b",11,2.14268889748028
2014,"b",11,1.22657179621677
2014,"b",11,1.73225580344636
2014,"b",11,1.097193370503
2014,"b",11,1.32016899681404
2014,"a",12,1.99633400742068
2014,"a",12,0.754870180011147
2014,"a",12,3.28745229845721
2014,"a",12,0.878298535037928
2014,"a",12,0.517603828919445
2014,"a",12,0.913105004695668
2014,"a",12,1.40066273033451
2014,"a",12,2.49919875686342
2014,"a",12,0.815973910270917
2014,"a",12,0.666123761708062
2014,"b",12,2.26489783347757
2014,"b",12,0.926997917882479
2014,"b",12,1.94472183693274
2014,"b",12,1.11946825306173
2014,"b",12,3.20672773759752
2014,"b",12,3.40075223645457
2014,"b",12,2.40146803478767
2014,"b",12,1.78280575910072
2014,"b",12,3.05886418466269
2014,"b",12,3.08487961161795
2015,"a",1,2.04861832863681
2015,"a",1,1.7181796408424
2015,"a",1,3.30341966509325
2015,"a",1,1.35759928689636
2015,"a",1,2.16789101654213
2015,"a",1,3.44722866887617
2015,"a",1,4.09163659445803
2015,"a",1,2.56659361648883
2015,"a",1,3.88027856480119
2015,"a",1,6.10833711045835
2015,"b",1,3.94055121691513
2015,"b",1,2.68828194612891
2015,"b",1,0.854388654591581
2015,"b",1,1.77001666856915
2015,"b",1,0.759417227638595
2015,"b",1,1.10075573357774
2015,"b",1,2.66370947387774
2015,"b",1,1.73847218750403
2015,"b",1,3.00371001951525
2015,"b",1,1.79122024522835
2015,"a",2,2.71446241306841
2015,"a",2,1.81435256193648
2015,"a",2,4.1273726704325
2015,"a",2,2.29071656050967
2015,"a",2,1.36586610789784
2015,"a",2,1.47353068600199
2015,"a",2,2.3752814158405
2015,"a",2,1.53126804310876
2015,"a",2,1.25293161168726
2015,"a",2,1.55122491823183
2015,"b",2,0.933339943010469
2015,"b",2,0.724345329226207
2015,"b",2,2.0067228022039
2015,"b",2,1.48106357492993
2015,"b",2,0.889031016379728
2015,"b",2,1.71535758876321
2015,"b",2,1.50741338898398
2015,"b",2,1.21909276745307
2015,"b",2,1.82133341901564
2015,"b",2,0.913377833103571
2015,"a",3,0.875501037001536
2015,"a",3,2.45921060306029
2015,"a",3,1.03700432933301
2015,"a",3,1.58832348007749
2015,"a",3,2.63303530923861
2015,"a",3,1.87352493026255
2015,"a",3,4.86158248346317
2015,"a",3,0.767894181645387
2015,"a",3,1.17140986268436
2015,"a",3,2.31489725725325
2015,"b",3,2.31734274996928
2015,"b",3,1.71601193480063
2015,"b",3,1.01655514986236
2015,"b",3,2.01480921128304
2015,"b",3,2.5991060772133
2015,"b",3,0.916056325088816
2015,"b",3,2.21239875299389
2015,"b",3,0.696693628062975
2015,"b",3,1.5034540672309
2015,"b",3,4.36481321338971
2015,"a",4,2.10980648897381
2015,"a",4,0.477457533556694
2015,"a",4,0.720786996051375
2015,"a",4,1.37962188577394
2015,"a",4,1.3621563049882
2015,"a",4,1.30213177264969
2015,"a",4,1.47085915472428
2015,"a",4,3.94446878170479
2015,"a",4,2.92619171041089
2015,"a",4,1.40181420919584
2015,"b",4,0.808796217497997
2015,"b",4,1.26400823821522
2015,"b",4,2.30414204404483
2015,"b",4,0.885880352343259
2015,"b",4,1.22963503883738
2015,"b",4,1.51714807183993
2015,"b",4,0.908760430611526
2015,"b",4,2.13422145146524
2015,"b",4,1.49109185511772
2015,"b",4,2.84828669881927
2015,"a",5,1.36923670885456
2015,"a",5,0.978572152897454
2015,"a",5,1.66172707112804
2015,"a",5,1.29832893646646
2015,"a",5,1.40291344718555
2015,"a",5,1.17948733737723
2015,"a",5,0.928014504222514
2015,"a",5,1.73008165892162
2015,"a",5,2.10397994042397
2015,"a",5,1.17115178727614
2015,"b",5,1.80817515895463
2015,"b",5,1.58157175380504
2015,"b",5,2.92419303649869
2015,"b",5,0.946727493570109
2015,"b",5,2.28560512631876
2015,"b",5,0.753223837107996
2015,"b",5,1.97756937218796
2015,"b",5,0.929549169740638
2015,"b",5,2.11574073733799
2015,"b",5,0.614298366487191
2015,"a",6,5.72201311362676
2015,"a",6,2.00496595371539
2015,"a",6,1.17965219662057
2015,"a",6,0.938625892661768
2015,"a",6,0.804731823207506
2015,"a",6,1.4690914464487
2015,"a",6,0.597405752798633
2015,"a",6,1.51519964312608
2015,"a",6,2.20208871386154
2015,"a",6,2.6873746570833
2015,"b",6,1.59383175816835
2015,"b",6,1.67099878278689
2015,"b",6,3.67940442659803
2015,"b",6,1.95949956391092
2015,"b",6,1.48617945618122
2015,"b",6,3.78570342553166
2015,"b",6,1.02047015565312
2015,"b",6,1.00951484853754
2015,"b",6,1.69709121727564
2015,"b",6,0.619173000368617
2015,"a",7,2.48421168367356
2015,"a",7,0.306294466411162
2015,"a",7,2.0614099127704
2015,"a",7,1.33228803105512
2015,"a",7,0.874453429827229
2015,"a",7,2.15780554786813
2015,"a",7,1.81378714630317
2015,"a",7,1.09944065286298
2015,"a",7,0.61198913854382
2015,"a",7,2.20057977590763
2015,"b",7,3.95816416556335
2015,"b",7,2.48612364439335
2015,"b",7,3.11338002800618
2015,"b",7,1.0418371917038
2015,"b",7,1.21984726784856
2015,"b",7,2.90991203743883
2015,"b",7,2.74450589041854
2015,"b",7,1.73943944968878
2015,"b",7,2.10813944908255
2015,"b",7,1.30451424085689
2015,"a",8,0.975555671726758
2015,"a",8,1.1452791224997
2015,"a",8,3.4258225475845
2015,"a",8,2.47690820040103
2015,"a",8,1.11366193597258
2015,"a",8,1.12715758748771
2015,"a",8,3.8660340091074
2015,"a",8,0.981268770754704
2015,"a",8,1.02000880389028
2015,"a",8,0.932856293279551
2015,"b",8,0.37524986614337
2015,"b",8,1.09205994315068
2015,"b",8,0.853431822320863
2015,"b",8,2.12295232430748
2015,"b",8,1.68001477595879
2015,"b",8,0.714460720563994
2015,"b",8,1.02306134221582
2015,"b",8,1.37826876026974
2015,"b",8,1.29224163088449
2015,"b",8,1.20861538971086
2015,"a",9,0.94403260521342
2015,"a",9,2.23990339010691
2015,"a",9,0.903137017010629
2015,"a",9,1.20130531609386
2015,"a",9,2.52386784380597
2015,"a",9,1.20887511092881
2015,"a",9,1.1755442979047
2015,"a",9,2.82681920263945
2015,"a",9,0.387178938988652
2015,"a",9,1.4152639942492
2015,"b",9,1.38549075748566
2015,"b",9,1.20367705788681
2015,"b",9,0.314829321435977
2015,"b",9,2.33169973885313
2015,"b",9,4.24443106512283
2015,"b",9,0.701522174527379
2015,"b",9,2.4246964321686
2015,"b",9,3.87857380127362
2015,"b",9,0.768320210165698
2015,"b",9,2.17289991034186
2015,"a",10,1.74836130046561
2015,"a",10,0.715163432339796
2015,"a",10,1.66484612079012
2015,"a",10,1.95406210019504
2015,"a",10,2.13315937170897
2015,"a",10,1.69866318951849
2015,"a",10,1.75396121962373
2015,"a",10,2.39177807582386
2015,"a",10,0.585335849024584
2015,"a",10,1.56046094272577
2015,"b",10,1.11400633967321
2015,"b",10,2.04038685543224
2015,"b",10,1.61414587377896
2015,"b",10,1.49216888477499
2015,"b",10,1.05565548260587
2015,"b",10,2.22255368812029
2015,"b",10,1.88971555005466
2015,"b",10,0.808018523866382
2015,"b",10,2.69218745575823
2015,"b",10,1.86778208195807
2015,"a",11,1.42495656999909
2015,"a",11,0.778352177821541
2015,"a",11,0.598765241731784
2015,"a",11,1.11486558069159
2015,"a",11,3.32919798451032
2015,"a",11,2.6639756920707
2015,"a",11,0.735702765458179
2015,"a",11,1.48586036945836
2015,"a",11,2.38190013119012
2015,"a",11,0.569884941129386
2015,"b",11,0.769334236680323
2015,"b",11,1.30474705981688
2015,"b",11,1.36537648337692
2015,"b",11,1.73510853113724
2015,"b",11,1.16054274721487
2015,"b",11,0.673971268884841
2015,"b",11,1.4931197472644
2015,"b",11,1.374222387824
2015,"b",11,1.98390258461571
2015,"b",11,0.948933263864822
2015,"a",12,2.81284154397264
2015,"a",12,1.55314778032734
2015,"a",12,1.51132313692027
2015,"a",12,1.96076792778453
2015,"a",12,0.784642334587709
2015,"a",12,1.27349828602194
2015,"a",12,1.16958006543723
2015,"a",12,2.12046418318734
2015,"a",12,0.641195797306782
2015,"a",12,1.34301513653136
2015,"b",12,0.907639163956182
2015,"b",12,2.31777610561503
2015,"b",12,0.809855341022412
2015,"b",12,1.52703665113845
2015,"b",12,2.41071509981907
2015,"b",12,1.0214945035129
2015,"b",12,1.21369942209553
2015,"b",12,2.56716417089031
2015,"b",12,1.75121433763293
2015,"b",12,2.17202733250498
2016,"a",1,4.15912344325188
2016,"a",1,2.56231588796707
2016,"a",1,2.20906087597325
2016,"a",1,2.88517585607042
2016,"a",1,1.01717550516722
2016,"a",1,1.79323457277944
2016,"a",1,1.84200216812798
2016,"a",1,2.68684613899009
2016,"a",1,1.63904676539046
2016,"a",1,1.08109878839606
2016,"b",1,1.25613247852989
2016,"b",1,3.91146335672927
2016,"b",1,0.868514969635015
2016,"b",1,2.52636483477818
2016,"b",1,2.50572158896785
2016,"b",1,2.75149275088187
2016,"b",1,1.11756504677656
2016,"b",1,1.22397748138314
2016,"b",1,2.14180601747585
2016,"b",1,0.844193208249003
2016,"a",2,1.47196804726877
2016,"a",2,0.916939678773583
2016,"a",2,1.65139850751719
2016,"a",2,1.62647502751249
2016,"a",2,1.79084330665939
2016,"a",2,1.31676520598219
2016,"a",2,2.42777987573846
2016,"a",2,1.44254458774741
2016,"a",2,0.980517199898357
2016,"a",2,2.31147217983237
2016,"b",2,1.17296040890751
2016,"b",2,4.10306529957769
2016,"b",2,1.18361789640137
2016,"b",2,0.864428839394339
2016,"b",2,1.24473216465441
2016,"b",2,2.77897779598925
2016,"b",2,1.25737867492554
2016,"b",2,0.299952594219715
2016,"b",2,1.3763463731397
2016,"b",2,2.8829354914511
2016,"a",3,3.01575208827491
2016,"a",3,2.9878258616099
2016,"a",3,2.76555705604876
2016,"a",3,3.30487979115077
2016,"a",3,1.57950167282972
2016,"a",3,4.74510976180743
2016,"a",3,1.45925522198418
2016,"a",3,1.6207511959114
2016,"a",3,1.0271873465237
2016,"a",3,1.50317594562414
2016,"b",3,2.06139005373749
2016,"b",3,3.09262316104005
2016,"b",3,1.56810584793428
2016,"b",3,0.851373410563056
2016,"b",3,2.75563669854417
2016,"b",3,1.96061922787463
2016,"b",3,1.49380604154207
2016,"b",3,0.758467098911533
2016,"b",3,0.900767691179657
2016,"b",3,1.48698878257244
2016,"a",4,2.60872963644068
2016,"a",4,3.22445068792607
2016,"a",4,0.757642842609092
2016,"a",4,1.91611783042426
2016,"a",4,2.73134814682127
2016,"a",4,1.24733878126625
2016,"a",4,1.54256827725221
2016,"a",4,3.91174269773237
2016,"a",4,2.44485131564034
2016,"a",4,0.899140088599826
2016,"b",4,5.30483936749487
2016,"b",4,2.58797714188167
2016,"b",4,2.30498221006331
2016,"b",4,2.40481728188565
2016,"b",4,0.784123837109507
2016,"b",4,1.10612220534364
2016,"b",4,0.648912999242011
2016,"b",4,0.831834819903632
2016,"b",4,1.62047088200731
2016,"b",4,1.31886770295949
2016,"a",5,2.12469244867504
2016,"a",5,0.746170998294401
2016,"a",5,1.3879653944257
2016,"a",5,0.805498716196863
2016,"a",5,2.84261169772102
2016,"a",5,1.82399037420148
2016,"a",5,1.51991872720019
2016,"a",5,1.48734416423674
2016,"a",5,2.61423966840112
2016,"a",5,0.653691122193978
2016,"b",5,2.65369415469326
2016,"b",5,0.437981793300481
2016,"b",5,2.54920688892648
2016,"b",5,1.14136219639304
2016,"b",5,1.2682814641866
2016,"b",5,1.04916550266049
2016,"b",5,0.916791817855708
2016,"b",5,2.17465702759105
2016,"b",5,2.50536156507453
2016,"b",5,2.45838936286705
2016,"a",6,1.5234425259562
2016,"a",6,1.12278464375515
2016,"a",6,0.672765797904474
2016,"a",6,1.86382329009773
2016,"a",6,1.25492429797355
2016,"a",6,0.813300399699675
2016,"a",6,1.92387186279539
2016,"a",6,1.41288861077742
2016,"a",6,2.20826273569817
2016,"a",6,1.10292665431394
2016,"b",6,1.03713214815802
2016,"b",6,0.656096176904638
2016,"b",6,2.37423697439052
2016,"b",6,1.18261051790589
2016,"b",6,2.84419449482777
2016,"b",6,0.820802455559487
2016,"b",6,1.91330298834873
2016,"b",6,3.13637327421034
2016,"b",6,1.06153044868571
2016,"b",6,1.46987649327057
2016,"a",7,3.32530721356217
2016,"a",7,1.66377384764042
2016,"a",7,1.6512466753297
2016,"a",7,2.24531638867937
2016,"a",7,1.79859276732902
2016,"a",7,1.36199707451328
2016,"a",7,1.03670631466792
2016,"a",7,1.40548591848143
2016,"a",7,1.31170293882184
2016,"a",7,2.40031513900543
2016,"b",7,0.553874531089818
2016,"b",7,0.513699959961264
2016,"b",7,1.97830333989301
2016,"b",7,0.94565583185259
2016,"b",7,1.03165389238297
2016,"b",7,1.39173086953066
2016,"b",7,1.61798216831524
2016,"b",7,0.669014484366155
2016,"b",7,2.45800206491693
2016,"b",7,2.31551572557863
2016,"a",8,1.25107425944356
2016,"a",8,1.99576927483828
2016,"a",8,3.04439410810396
2016,"a",8,1.38072135140917
2016,"a",8,1.05557623759223
2016,"a",8,4.09605680203445
2016,"a",8,0.94073359097518
2016,"a",8,1.72713505728286
2016,"a",8,0.683536052325694
2016,"a",8,2.13242016021767
2016,"b",8,1.30920672127036
2016,"b",8,2.04408954812023
2016,"b",8,2.26617485235864
2016,"b",8,1.42023939222118
2016,"b",8,1.90330271348746
2016,"b",8,1.41162720128675
2016,"b",8,0.739670863727198
2016,"b",8,0.794403290905654
2016,"b",8,3.11762096862782
2016,"b",8,0.629121564659922
2016,"a",9,0.835908806815853
2016,"a",9,1.03082429426032
2016,"a",9,1.41708337047351
2016,"a",9,1.47054119505503
2016,"a",9,0.8162644998156
2016,"a",9,2.00314971454725
2016,"a",9,1.75220646716061
2016,"a",9,2.61977477368715
2016,"a",9,1.34646762313624
2016,"a",9,1.88590204574924
2016,"b",9,2.71469590479713
2016,"b",9,3.30686423512159
2016,"b",9,0.603302813702898
2016,"b",9,1.55713545809535
2016,"b",9,0.810100876858185
2016,"b",9,1.26869675494506
2016,"b",9,0.922552775345576
2016,"b",9,0.355065123447638
2016,"b",9,1.8998795084695
2016,"b",9,1.97162942137868
2016,"a",10,0.832458088779465
2016,"a",10,2.73150202472744
2016,"a",10,2.04564066608392
2016,"a",10,1.82364722904746
2016,"a",10,1.17838293753409
2016,"a",10,1.4461314725279
2016,"a",10,1.26163996376678
2016,"a",10,1.95026569489488
2016,"a",10,2.33062765189061
2016,"a",10,1.47868110864339
2016,"b",10,0.975627270842308
2016,"b",10,0.578124840523523
2016,"b",10,1.32166214937374
2016,"b",10,1.88440755335046
2016,"b",10,3.36406078189748
2016,"b",10,2.63623645670196
2016,"b",10,1.85482365151379
2016,"b",10,0.815602779290651
2016,"b",10,1.14186137118277
2016,"b",10,0.789639218010124
2016,"a",11,1.91995180223948
2016,"a",11,0.784278333854858
2016,"a",11,1.15660455887527
2016,"a",11,0.893647499723607
2016,"a",11,1.93954072445008
2016,"a",11,0.959883048549336
2016,"a",11,0.614463508079633
2016,"a",11,1.51698003875008
2016,"a",11,1.97290243875201
2016,"a",11,3.32440763305053
2016,"b",11,1.44009674587531
2016,"b",11,0.671603155438383
2016,"b",11,1.91651342771717
2016,"b",11,2.22440032525998
2016,"b",11,0.977227210668655
2016,"b",11,1.37129390642683
2016,"b",11,3.14233971654254
2016,"b",11,2.12661474579862
2016,"b",11,0.904640570820388
2016,"b",11,1.47670988847824
2016,"a",12,1.14003679306195
2016,"a",12,2.29574996870309
2016,"a",12,1.05720765991677
2016,"a",12,1.65397192287381
2016,"a",12,1.66160591430788
2016,"a",12,1.15610827509948
2016,"a",12,2.50005561283472
2016,"a",12,1.78539026847574
2016,"a",12,2.38327120147376
2016,"a",12,1.34824698280244
2016,"b",12,2.04293325804923
2016,"b",12,1.61147719960471
2016,"b",12,1.61409054566899
2016,"b",12,2.957789366966
2016,"b",12,1.39874206759071
2016,"b",12,1.40527105908157
2016,"b",12,1.49633458131641
2016,"b",12,1.32092402525842
2016,"b",12,0.997842296681105
2016,"b",12,3.67060172315788
2017,"a",1,1.13074462710828
2017,"a",1,1.26053321392991
2017,"a",1,2.40997658939713
2017,"a",1,2.31476575751155
2017,"a",1,2.56436531879411
2017,"a",1,3.54331829881123
2017,"a",1,2.76062629956364
2017,"a",1,2.03245349679379
2017,"a",1,1.00524909793681
2017,"a",1,1.82331797944276
2017,"b",1,2.6005532174413
2017,"b",1,1.26750542350689
2017,"b",1,1.22004235732869
2017,"b",1,1.44867523120511
2017,"b",1,1.34408464798441
2017,"b",1,1.87646523955517
2017,"b",1,0.30501268997578
2017,"b",1,1.00141345944876
2017,"b",1,0.810299076638635
2017,"b",1,0.718042403345595
2017,"a",2,2.54909708278226
2017,"a",2,1.68369095172042
2017,"a",2,1.78842856837113
2017,"a",2,1.53393025045483
2017,"a",2,1.256353469954
2017,"a",2,2.25098444104359
2017,"a",2,2.00567965082566
2017,"a",2,0.739230835489363
2017,"a",2,1.05307258421944
2017,"a",2,3.72601530528136
2017,"b",2,1.4148548430082
2017,"b",2,4.06115144519221
2017,"b",2,1.50280574517394
2017,"b",2,0.98977430489634
2017,"b",2,0.549286959766246
2017,"b",2,0.717599746911863
2017,"b",2,2.6104246242157
2017,"b",2,1.70431272170962
2017,"b",2,2.54959771258034
2017,"b",2,1.9631433313477
2017,"a",3,2.23757330223707
2017,"a",3,1.13516871759743
2017,"a",3,2.71938514297511
2017,"a",3,1.05845609200471
2017,"a",3,1.66460236273334
2017,"a",3,1.37543219130977
2017,"a",3,2.13746050298547
2017,"a",3,2.16551696794947
2017,"a",3,0.794275397194219
2017,"a",3,1.19977213259548
2017,"b",3,2.32126656254996
2017,"b",3,0.873876069889909
2017,"b",3,0.773122731198594
2017,"b",3,1.6418725689993
2017,"b",3,1.34063384966524
2017,"b",3,1.69186294492847
2017,"b",3,1.07045328747964
2017,"b",3,0.774562003572606
2017,"b",3,0.533700115576895
2017,"b",3,1.07491276328826
2017,"a",4,1.68224111892031
2017,"a",4,1.24460031435077
2017,"a",4,1.37811694061673
2017,"a",4,1.09200751690904
2017,"a",4,1.0674292626887
2017,"a",4,0.777617059700629
2017,"a",4,1.2050402199985
2017,"a",4,1.14702371967492
2017,"a",4,1.48259642617963
2017,"a",4,2.72725658594905
2017,"b",4,3.23320125916295
2017,"b",4,1.80113588651278
2017,"b",4,0.707976108398192
2017,"b",4,1.87483471256863
2017,"b",4,1.53087615553587
2017,"b",4,1.22294793896676
2017,"b",4,2.07280043854403
2017,"b",4,0.312261412494511
2017,"b",4,0.578255460406004
2017,"b",4,1.44827661646705
2017,"a",5,1.73106073966601
2017,"a",5,0.825655579383429
2017,"a",5,1.38714281192524
2017,"a",5,0.787651939633839
2017,"a",5,1.0873449293753
2017,"a",5,1.64358132434591
2017,"a",5,1.87159822921262
2017,"a",5,0.839315016938015
2017,"a",5,1.58871696672107
2017,"a",5,3.02196866070723
2017,"b",5,3.85915267697976
2017,"b",5,1.58612471784381
2017,"b",5,1.4451352839279
2017,"b",5,1.90971389466212
2017,"b",5,2.31030862728761
2017,"b",5,0.607993824408724
2017,"b",5,1.10053778794269
2017,"b",5,0.997539048927686
2017,"b",5,0.92707745716983
2017,"b",5,1.30661478188716
2017,"a",6,1.46673941758657
2017,"a",6,0.767830157874142
2017,"a",6,1.0145683624186
2017,"a",6,4.95158792377805
2017,"a",6,2.41124648277771
2017,"a",6,0.527882370667584
2017,"a",6,1.10606494779508
2017,"a",6,3.30116571536661
2017,"a",6,2.74914635961826
2017,"a",6,2.31540028160337
2017,"b",6,0.744068007881535
2017,"b",6,0.750633886516792
2017,"b",6,0.836237667347723
2017,"b",6,1.35610902305387
2017,"b",6,1.80114200159401
2017,"b",6,2.56955907317536
2017,"b",6,1.102004991418
2017,"b",6,1.97768629091271
2017,"b",6,0.637611343843024
2017,"b",6,1.43850646995963
2017,"a",7,1.18428974868318
2017,"a",7,0.796389097181935
2017,"a",7,1.44145981234068
2017,"a",7,1.22342248237721
2017,"a",7,1.4491103400602
2017,"a",7,3.02200900845877
2017,"a",7,1.48171898363428
2017,"a",7,0.52195024559132
2017,"a",7,0.871390690806484
2017,"a",7,1.15468293019352
2017,"b",7,1.73681979260872
2017,"b",7,0.483885227701658
2017,"b",7,2.42738405262372
2017,"b",7,1.9462560502171
2017,"b",7,0.313495523700431
2017,"b",7,1.7078370876321
2017,"b",7,0.720228109111773
2017,"b",7,1.00625811720824
2017,"b",7,1.72831641446095
2017,"b",7,3.10838188027956
2017,"a",8,1.19235902407722
2017,"a",8,0.856535936943292
2017,"a",8,0.987938630259453
2017,"a",8,1.52361822205574
2017,"a",8,1.06794013279919
2017,"a",8,0.481638346426561
2017,"a",8,0.803249544152783
2017,"a",8,1.14872103019496
2017,"a",8,2.9504712438645
2017,"a",8,1.32043545639528
2017,"b",8,1.56344016438431
2017,"b",8,0.916934391385551
2017,"b",8,0.661550597348898
2017,"b",8,1.92053545506327
2017,"b",8,0.883801937249347
2017,"b",8,1.56321633320206
2017,"b",8,0.615662971709882
2017,"b",8,1.05719621633329
2017,"b",8,0.616820889345498
2017,"b",8,1.93586277408933
2017,"a",9,3.80277551745972
2017,"a",9,1.30965026585003
2017,"a",9,1.20545699340996
2017,"a",9,4.82083870191107
2017,"a",9,0.507126606069462
2017,"a",9,0.789378508878607
2017,"a",9,1.07446879017156
2017,"a",9,1.73532578169872
2017,"a",9,1.63260197526908
2017,"a",9,2.09950226233097
2017,"b",9,1.5067687480153
2017,"b",9,1.29228229806107
2017,"b",9,0.412462184881902
2017,"b",9,1.49288029203133
2017,"b",9,0.767459557074657
2017,"b",9,0.781083147390249
2017,"b",9,1.46169585820119
2017,"b",9,3.97607134559744
2017,"b",9,0.890819172965473
2017,"b",9,1.00022111310839
2017,"a",10,0.692841289304871
2017,"a",10,0.991394686985764
2017,"a",10,2.33861699134692
2017,"a",10,0.910735842786181
2017,"a",10,1.01107866261373
2017,"a",10,1.14420479168827
2017,"a",10,0.889191158327635
2017,"a",10,1.05512567608773
2017,"a",10,0.859515689026926
2017,"a",10,0.735124875635375
2017,"b",10,1.16553348519003
2017,"b",10,1.02783926095453
2017,"b",10,2.10978759580418
2017,"b",10,4.82937340934616
2017,"b",10,1.27856367937111
2017,"b",10,1.40891097805785
2017,"b",10,2.28914752710402
2017,"b",10,1.56182511098246
2017,"b",10,1.26747660899463
2017,"b",10,2.5566459405324
2017,"a",11,5.1524909992345
2017,"a",11,2.37426733064769
2017,"a",11,1.76277682618181
2017,"a",11,1.38544629338402
2017,"a",11,1.28619682173377
2017,"a",11,1.51138686281515
2017,"a",11,1.78189889540272
2017,"a",11,0.788781332897348
2017,"a",11,1.26627608234056
2017,"a",11,2.8921613368525
2017,"b",11,1.00695412353533
2017,"b",11,1.08756700746035
2017,"b",11,1.18268941543072
2017,"b",11,1.69213478176053
2017,"b",11,1.12779401231314
2017,"b",11,1.4496801215559
2017,"b",11,2.34906833565025
2017,"b",11,0.836292959701627
2017,"b",11,2.22400691915066
2017,"b",11,0.859496508256844
2017,"a",12,0.938327652821465
2017,"a",12,0.766857492651498
2017,"a",12,0.83799019549423
2017,"a",12,1.60190514014147
2017,"a",12,2.63350397184543
2017,"a",12,1.32779158314427
2017,"a",12,0.918995223005632
2017,"a",12,1.36971732421847
2017,"a",12,1.46351503011444
2017,"a",12,1.77514801150722
2017,"b",12,0.755658273052733
2017,"b",12,0.871750770563049
2017,"b",12,1.25241942822135
2017,"b",12,1.33685372864592
2017,"b",12,1.42275009826421
2017,"b",12,0.754933224479354
2017,"b",12,1.86709690270133
2017,"b",12,4.85216651617645
2017,"b",12,1.94099104206044
2017,"b",12,1.32260649458276
2018,"a",1,1.4064501853629
2018,"a",1,0.499208889627053
2018,"a",1,1.56694733714857
2018,"a",1,1.38103675711949
2018,"a",1,3.9601103518926
2018,"a",1,2.65550452907537
2018,"a",1,1.1455253130762
2018,"a",1,4.04074891609106
2018,"a",1,1.4542290670686
2018,"a",1,1.40031187327392
2018,"b",1,1.77179940503533
2018,"b",1,1.16873077695262
2018,"b",1,2.65349595039847
2018,"b",1,2.45895329807156
2018,"b",1,1.66134129908487
2018,"b",1,1.3102577485689
2018,"b",1,2.62302097871384
2018,"b",1,0.968768089562838
2018,"b",1,2.36804946507682
2018,"b",1,2.98922059580651
2018,"a",2,3.30926791752091
2018,"a",2,1.82449249233454
2018,"a",2,1.57358540852656
2018,"a",2,0.918486013673538
2018,"a",2,3.09822474190865
2018,"a",2,1.02313437593348
2018,"a",2,1.67885292952752
2018,"a",2,2.9119490081997
2018,"a",2,1.9353829916008
2018,"a",2,0.822318473262963
2018,"b",2,1.44325175396048
2018,"b",2,0.828346648017
2018,"b",2,1.64178501182195
2018,"b",2,1.81546758801955
2018,"b",2,3.166176184446
2018,"b",2,1.39281810603948
2018,"b",2,1.28246099134037
2018,"b",2,1.13238346888223
2018,"b",2,1.6420484578907
2018,"b",2,0.717140152133655
2018,"a",3,0.825505398276225
2018,"a",3,1.82934047984082
2018,"a",3,1.06954701248986
2018,"a",3,1.48138421723866
2018,"a",3,4.25304231253886
2018,"a",3,1.77158616388088
2018,"a",3,1.78809624888681
2018,"a",3,1.54930995225723
2018,"a",3,1.40230609566896
2018,"a",3,1.09117203484956
2018,"b",3,1.09129915072728
2018,"b",3,1.27847956606059
2018,"b",3,0.964685666040805
2018,"b",3,1.15500421551011
2018,"b",3,0.542746602725684
2018,"b",3,1.36553386401581
2018,"b",3,0.614509431257468
2018,"b",3,1.21576425811064
2018,"b",3,1.05900009558235
2018,"b",3,0.822952578530844
2018,"a",4,1.38640678309136
2018,"a",4,1.29028488558647
2018,"a",4,1.11354875896015
2018,"a",4,1.37700667727617
2018,"a",4,0.822797511575685
2018,"a",4,2.49250380170569
2018,"a",4,1.38881653509088
2018,"a",4,2.72958210880629
2018,"a",4,0.70777623961103
2018,"a",4,2.22690090834689
2018,"b",4,2.02203106357396
2018,"b",4,1.7249103206511
2018,"b",4,1.7270875712583
2018,"b",4,1.18338198150672
2018,"b",4,0.742690906760825
2018,"b",4,1.27407352078357
2018,"b",4,1.59738733255231
2018,"b",4,1.78930629437584
2018,"b",4,1.22758418776935
2018,"b",4,1.96152843231623
2018,"a",5,2.29981734114371
2018,"a",5,1.60896383678455
2018,"a",5,3.08350004763902
2018,"a",5,0.683792342474601
2018,"a",5,1.69377543434782
2018,"a",5,1.22580169648995
2018,"a",5,1.89936459547933
2018,"a",5,0.443740853196438
2018,"a",5,2.90392944229975
2018,"a",5,0.977312771330404
2018,"b",5,1.17556124237317
2018,"b",5,1.3651297244918
2018,"b",5,0.613933377303331
2018,"b",5,2.68506667305739
2018,"b",5,1.4816222133569
2018,"b",5,1.46759130228369
2018,"b",5,1.85056504352524
2018,"b",5,0.94748561737245
2018,"b",5,1.50604881867653
2018,"b",5,1.37355234964251
2018,"a",6,0.971457652039765
2018,"a",6,1.11914347229672
2018,"a",6,0.602828263518231
2018,"a",6,4.11436333926361
2018,"a",6,1.71045543478303
2018,"a",6,1.99186299559464
2018,"a",6,1.00554367730448
2018,"a",6,5.4997338186524
2018,"a",6,1.7974545953786
2018,"a",6,1.56008614615188
2018,"b",6,0.994307956768198
2018,"b",6,3.33155524120423
2018,"b",6,1.71466390969306
2018,"b",6,0.907557572037935
2018,"b",6,2.14130178955696
2018,"b",6,0.870652098686964
2018,"b",6,2.17426108529739
2018,"b",6,1.11865909948266
2018,"b",6,1.49669701317209
2018,"b",6,1.00158199231372
2018,"a",7,0.756026885289942
2018,"a",7,1.30032113700847
2018,"a",7,0.841259784581115
2018,"a",7,1.78856386797868
2018,"a",7,0.538835944556617
2018,"a",7,1.18784104076982
2018,"a",7,1.31346949246604
2018,"a",7,2.69920354219349
2018,"a",7,1.17227396416506
2018,"a",7,1.64973136716616
2018,"b",7,0.666995968725809
2018,"b",7,2.06883678289704
2018,"b",7,2.39091097909606
2018,"b",7,1.23304566645709
2018,"b",7,1.44116496676924
2018,"b",7,2.37159824673711
2018,"b",7,1.06663397202
2018,"b",7,1.22214133010974
2018,"b",7,1.93820035653879
2018,"b",7,0.887473011644595
2018,"a",8,2.06243285399433
2018,"a",8,1.08076777935843
2018,"a",8,2.8285447953525
2018,"a",8,0.876747741812206
2018,"a",8,2.04820982789062
2018,"a",8,1.88221648860339
2018,"a",8,1.1462681685597
2018,"a",8,2.71941101441967
2018,"a",8,2.53878165530288
2018,"a",8,1.08691400587226
2018,"b",8,1.13321671856915
2018,"b",8,0.383507406007863
2018,"b",8,1.28713824372827
2018,"b",8,0.873218895450542
2018,"b",8,2.94779704913564
2018,"b",8,1.75836322027032
2018,"b",8,0.656304032575853
2018,"b",8,2.10484561216935
2018,"b",8,0.665142870040112
2018,"b",8,1.75596005425987
2018,"a",9,1.18241310319686
2018,"a",9,2.9827043472604
2018,"a",9,2.2254222978267
2018,"a",9,1.62812358201538
2018,"a",9,1.5504636652463
2018,"a",9,1.08625595982255
2018,"a",9,1.95360224071921
2018,"a",9,2.08126987569567
2018,"a",9,0.595797022778403
2018,"a",9,1.61343577984628
2018,"b",9,0.954934144656507
2018,"b",9,0.598280463954107
2018,"b",9,1.70400071163398
2018,"b",9,1.29136426887311
2018,"b",9,2.16993033123465
2018,"b",9,2.58522282980936
2018,"b",9,1.74937384155036
2018,"b",9,0.882247094903013
2018,"b",9,1.05509085066249
2018,"b",9,1.10377137887232
2018,"a",10,1.49367908122173
2018,"a",10,2.54528961590125
2018,"a",10,1.10953981528787
2018,"a",10,6.70295796245379
2018,"a",10,2.01277704426435
2018,"a",10,0.940423867060452
2018,"a",10,0.76323517559095
2018,"a",10,0.908841175742658
2018,"a",10,1.7474722501322
2018,"a",10,0.752076637699569
2018,"b",10,0.636039292633521
2018,"b",10,1.77871098554716
2018,"b",10,0.818413882204721
2018,"b",10,0.841588931355998
2018,"b",10,0.777590054558816
2018,"b",10,0.941791183335175
2018,"b",10,1.69945211783048
2018,"b",10,0.734316349664727
2018,"b",10,1.10959470566144
2018,"b",10,2.3343176446918
2018,"a",11,2.06110658667767
2018,"a",11,0.553063543338589
2018,"a",11,0.995984906470591
2018,"a",11,0.50229358385265
2018,"a",11,3.16256165421663
2018,"a",11,1.63685397321573
2018,"a",11,1.6858092455539
2018,"a",11,1.78018634422423
2018,"a",11,2.20158539033237
2018,"a",11,5.69060473781187
2018,"b",11,1.2327044096895
2018,"b",11,1.38606895673727
2018,"b",11,0.75526879967864
2018,"b",11,0.96391028174792
2018,"b",11,2.10076338729139
2018,"b",11,1.23796230752073
2018,"b",11,2.65354495997617
2018,"b",11,0.757103920765167
2018,"b",11,1.06630444305566
2018,"b",11,0.550317054359787
2018,"a",12,1.46036296177814
2018,"a",12,1.86873495130924
2018,"a",12,1.45393341751399
2018,"a",12,5.14696563879877
2018,"a",12,1.38085587432552
2018,"a",12,0.774745228543997
2018,"a",12,1.57883934941496
2018,"a",12,1.9872980996247
2018,"a",12,1.52421936897501
2018,"a",12,2.45833746667772
2018,"b",12,1.84207236319489
2018,"b",12,1.05041415530104
2018,"b",12,0.756338119741946
2018,"b",12,0.793502540487498
2018,"b",12,1.7125929145816
2018,"b",12,1.43893048638904
2018,"b",12,1.22083256425232
2018,"b",12,2.51094142944731
2018,"b",12,1.25624590737446
2018,"b",12,1.59264450654502
2019,"a",1,3.06460308399133
2019,"a",1,1.39069026515325
2019,"a",1,1.90054397620894
2019,"a",1,3.43305937528548
2019,"a",1,0.764334312363264
2019,"a",1,2.78212790072837
2019,"a",1,4.31532976680652
2019,"a",1,0.903322795226832
2019,"a",1,2.51313515307937
2019,"a",1,1.71054938050003
2019,"b",1,1.9355382603447
2019,"b",1,1.51935256221962
2019,"b",1,1.89242520829202
2019,"b",1,0.71922049874523
2019,"b",1,1.17877426909845
2019,"b",1,3.25836306575994
2019,"b",1,1.43306458332819
2019,"b",1,0.809213760396336
2019,"b",1,0.897741272369792
2019,"b",1,1.5517597389796
2019,"a",2,1.83081236106566
2019,"a",2,1.92761477178039
2019,"a",2,1.36220047069578
2019,"a",2,2.18468503169367
2019,"a",2,1.34426272659042
2019,"a",2,2.31684405356064
2019,"a",2,1.20412795878467
2019,"a",2,1.94803734245117
2019,"a",2,1.04644996975751
2019,"a",2,0.857302362173353
2019,"b",2,1.80243875663169
2019,"b",2,0.531910309986734
2019,"b",2,0.946276911879796
2019,"b",2,0.836277398090887
2019,"b",2,0.59259871586811
2019,"b",2,2.13257958836804
2019,"b",2,3.53774876877755
2019,"b",2,0.596550829835827
2019,"b",2,0.767703151777618
2019,"b",2,1.19045874307262
2019,"a",3,1.63450381963981
2019,"a",3,1.06189839093846
2019,"a",3,2.87746673745962
2019,"a",3,4.75610517022859
2019,"a",3,1.05177052853698
2019,"a",3,2.10135910015936
2019,"a",3,0.987458917079602
2019,"a",3,1.41000380076189
2019,"a",3,2.1080363806918
2019,"a",3,2.01823517094799
2019,"b",3,1.64990928424636
2019,"b",3,0.997473754924462
2019,"b",3,1.64096094328852
2019,"b",3,1.35537993850629
2019,"b",3,1.46498645726416
2019,"b",3,0.859954019204994
2019,"b",3,0.440305473325272
2019,"b",3,1.37922496430736
2019,"b",3,1.22770679733969
2019,"b",3,0.538723463921074
2019,"a",4,1.68210110522179
2019,"a",4,1.67250247939418
2019,"a",4,3.75263409757636
2019,"a",4,2.21790450528287
2019,"a",4,2.38402419767296
2019,"a",4,2.42971796268559
2019,"a",4,1.39730921005348
2019,"a",4,1.38139044702697
2019,"a",4,1.48015667938616
2019,"a",4,1.01008250893566
2019,"b",4,0.932926795710922
2019,"b",4,0.966891142957238
2019,"b",4,1.21567141969262
2019,"b",4,2.77915977569618
2019,"b",4,0.835077841513123
2019,"b",4,1.10473586133299
2019,"b",4,0.876779407344832
2019,"b",4,1.2883134001934
2019,"b",4,0.702595716408714
2019,"b",4,1.08820742886266
2019,"a",5,0.741749551192739
2019,"a",5,1.62277038565382
2019,"a",5,0.676448484488764
2019,"a",5,1.17811098804686
2019,"a",5,0.858903495884609
2019,"a",5,1.14072489448804
2019,"a",5,2.61590167395188
2019,"a",5,0.968882387544438
2019,"a",5,1.55134958136173
2019,"a",5,1.42921025144578
2019,"b",5,1.21563945742941
2019,"b",5,1.11419664617658
2019,"b",5,2.8408499814186
2019,"b",5,1.44920327255861
2019,"b",5,1.78714698907002
2019,"b",5,2.67811527822356
2019,"b",5,1.15684726326647
2019,"b",5,1.44791908405606
2019,"b",5,0.975730505773294
2019,"b",5,0.607767866302938
2019,"a",6,2.54473022115897
2019,"a",6,2.19259358630536
2019,"a",6,3.24938823351193
2019,"a",6,4.05156362987169
2019,"a",6,0.692306897834597
2019,"a",6,1.12708117917124
2019,"a",6,1.09529500697378
2019,"a",6,1.12798953696957
2019,"a",6,2.08814089161158
2019,"a",6,1.62679920686064
2019,"b",6,0.984842307481568
2019,"b",6,1.06454877944113
2019,"b",6,0.531748189488223
2019,"b",6,1.65164048331676
2019,"b",6,1.36721470285764
2019,"b",6,1.1397306817767
2019,"b",6,1.45895343934777
2019,"b",6,1.2346334451376
2019,"b",6,0.363145591385019
2019,"b",6,1.78699905974115
2019,"a",7,0.361824642620936
2019,"a",7,1.48305044257616
2019,"a",7,1.4952837253814
2019,"a",7,1.04772760503347
2019,"a",7,2.66557241322042
2019,"a",7,1.55532601406177
2019,"a",7,0.816222950902066
2019,"a",7,0.94974058661547
2019,"a",7,0.636446216083595
2019,"a",7,1.23761247022378
2019,"b",7,1.52685429803887
2019,"b",7,0.869003630841406
2019,"b",7,2.60302138338744
2019,"b",7,1.01438934275888
2019,"b",7,0.998569344571509
2019,"b",7,0.958571665267035
2019,"b",7,1.20111243354411
2019,"b",7,1.48972629262617
2019,"b",7,1.46539186707079
2019,"b",7,0.952585506251543
2019,"a",8,1.83219457817922
2019,"a",8,1.34093891700269
2019,"a",8,1.86636927405393
2019,"a",8,1.54259802474521
2019,"a",8,1.7668757226799
2019,"a",8,2.77124077646068
2019,"a",8,2.53524151803119
2019,"a",8,1.53861101840761
2019,"a",8,1.7105966741683
2019,"a",8,1.78508476045826
2019,"b",8,1.11328505709763
2019,"b",8,1.04181283367283
2019,"b",8,2.29452621641983
2019,"b",8,1.43128334785647
2019,"b",8,1.70430164238474
2019,"b",8,1.07444843365292
2019,"b",8,0.718365210531589
2019,"b",8,0.862779333007584
2019,"b",8,0.930410983182278
2019,"b",8,1.13286968160075
2019,"a",9,0.972417086438216
2019,"a",9,2.71934890337758
2019,"a",9,2.8031976778618
2019,"a",9,2.19873872448841
2019,"a",9,1.45813168042643
2019,"a",9,0.809101860033639
2019,"a",9,2.99696415698155
2019,"a",9,1.62099449289438
2019,"a",9,1.23824393362214
2019,"a",9,1.69188444564721
2019,"b",9,0.951888660337927
2019,"b",9,1.46047626942026
2019,"b",9,1.17258712031788
2019,"b",9,2.3827741696376
2019,"b",9,0.67278510328535
2019,"b",9,1.28287439334867
2019,"b",9,1.44564292022925
2019,"b",9,0.706972199580651
2019,"b",9,1.926427456245
2019,"b",9,0.652273850584432
2019,"a",10,1.19707306773607
2019,"a",10,2.21253523352395
2019,"a",10,0.972679464121953
2019,"a",10,2.01668797502015
2019,"a",10,1.34029482946756
2019,"a",10,1.77205406568785
2019,"a",10,1.09864902051219
2019,"a",10,3.16123370357526
2019,"a",10,5.55084273948691
2019,"a",10,1.44372312664456
2019,"b",10,1.82981938256064
2019,"b",10,0.83386692767433
2019,"b",10,2.96088450283286
2019,"b",10,0.941958649491178
2019,"b",10,3.12524437231348
2019,"b",10,0.636053883789434
2019,"b",10,2.14520980514068
2019,"b",10,0.455484977111067
2019,"b",10,2.16926106496114
2019,"b",10,2.32735585825227
2019,"a",11,1.77679327552004
2019,"a",11,1.08262540486393
2019,"a",11,1.03202325399264
2019,"a",11,1.00478479873058
2019,"a",11,0.805086650576148
2019,"a",11,1.25173837099192
2019,"a",11,1.93656727251219
2019,"a",11,0.583983982729327
2019,"a",11,2.068189850793
2019,"a",11,1.24765342447365
2019,"b",11,1.54586077685664
2019,"b",11,2.15933607257823
2019,"b",11,1.00634852535737
2019,"b",11,0.415674603984314
2019,"b",11,0.684889832339119
2019,"b",11,0.831360475629929
2019,"b",11,1.11555970349356
2019,"b",11,3.2224352713142
2019,"b",11,1.36765202038092
2019,"b",11,0.464489959311088
2019,"a",12,2.10165003326246
2019,"a",12,1.17569709574493
2019,"a",12,2.24651749017644
2019,"a",12,1.39935013311935
2019,"a",12,2.30896902273856
2019,"a",12,2.06794590707208
2019,"a",12,1.55786582045523
2019,"a",12,1.79101712732545
2019,"a",12,0.768193042838384
2019,"a",12,1.79397450416805
2019,"b",12,0.859022525687961
2019,"b",12,1.03052275286469
2019,"b",12,0.626857843006594
2019,"b",12,1.01732470047716
2019,"b",12,1.10122127857036
2019,"b",12,1.28751832918459
2019,"b",12,1.94038670157769
2019,"b",12,0.499243653803944
2019,"b",12,1.66879090482208
2019,"b",12,1.55926743805472
2020,"a",1,0.70595622950464
2020,"a",1,3.24648651564958
2020,"a",1,1.55252022571241
2020,"a",1,1.56216338716922
2020,"a",1,1.35233574872478
2020,"a",1,0.821534244150349
2020,"a",1,1.66221698325028
2020,"a",1,1.49149684022614
2020,"a",1,2.02909995897541
2020,"a",1,2.66198167697408
2020,"b",1,1.19316379507596
2020,"b",1,1.37103738787749
2020,"b",1,0.764964311205789
2020,"b",1,0.686191514098337
2020,"b",1,1.17979420746941
2020,"b",1,1.22599385463555
2020,"b",1,1.52705366260354
2020,"b",1,3.01060073382587
2020,"b",1,1.0076981091316
2020,"b",1,1.50443174121841
2020,"a",2,0.793914026792542
2020,"a",2,1.74450273827684
2020,"a",2,3.55230005281565
2020,"a",2,1.1551314223025
2020,"a",2,0.905956395345574
2020,"a",2,1.39299725520663
2020,"a",2,1.45922230217449
2020,"a",2,1.27711029988694
2020,"a",2,0.693864644882361
2020,"a",2,3.15451718774738
2020,"b",2,0.418805579176336
2020,"b",2,1.1456366475452
2020,"b",2,1.65559353850954
2020,"b",2,1.14571248115432
2020,"b",2,3.06541902226889
2020,"b",2,2.00553032207755
2020,"b",2,1.34374913126076
2020,"b",2,1.05822493006792
2020,"b",2,1.57625511576471
2020,"b",2,0.382915681631264
2020,"a",3,3.98437330960102
2020,"a",3,1.13267582357008
2020,"a",3,5.53300010988055
2020,"a",3,1.74012668672257
2020,"a",3,2.12928424803363
2020,"a",3,0.922753446448692
2020,"a",3,0.646661490421977
2020,"a",3,2.79526854858728
2020,"a",3,4.15103676504072
2020,"a",3,0.951929530296259
2020,"b",3,1.53407612496597
2020,"b",3,0.59957463747845
2020,"b",3,0.58551225061222
2020,"b",3,1.96880553414939
2020,"b",3,1.25806393147613
2020,"b",3,0.85962683494628
2020,"b",3,1.31443422419212
2020,"b",3,2.06330318014695
2020,"b",3,0.957586678809773
2020,"b",3,1.29172226399454
2020,"a",4,2.03950122606087
2020,"a",4,1.24754230916621
2020,"a",4,1.79482212933585
2020,"a",4,2.67990360492583
2020,"a",4,1.49943241302052
2020,"a",4,2.60768506769267
2020,"a",4,1.6088721599958
2020,"a",4,1.45137624251006
2020,"a",4,1.07553933515347
2020,"a",4,1.29148270200847
2020,"b",4,1.33766962882009
2020,"b",4,0.6676763076962
2020,"b",4,1.44826108677177
2020,"b",4,1.19650598631438
2020,"b",4,1.3710467017086
2020,"b",4,1.14324396013538
2020,"b",4,1.96264571048291
2020,"b",4,1.18741723009555
2020,"b",4,0.557447826197963
2020,"b",4,0.716731914078696
2020,"a",5,0.91721698771756
2020,"a",5,1.55503172674822
2020,"a",5,1.95732843081572
2020,"a",5,1.16954463961915
2020,"a",5,1.36224377125173
2020,"a",5,1.41914149286811
2020,"a",5,0.61908644854569
2020,"a",5,0.906632386736269
2020,"a",5,2.75179829511595
2020,"a",5,1.43751954323446
2020,"b",5,1.64033076237356
2020,"b",5,0.611018326348133
2020,"b",5,0.602488080342648
2020,"b",5,0.623083201548668
2020,"b",5,1.73287697295849
2020,"b",5,0.609495854237259
2020,"b",5,1.59177240030374
2020,"b",5,1.23129241671814
2020,"b",5,0.462376295842599
2020,"b",5,1.32356052280203
2020,"a",6,2.01564548044715
2020,"a",6,1.3823598311514
2020,"a",6,1.77805492025466
2020,"a",6,0.656752433339797
2020,"a",6,3.17060168807035
2020,"a",6,1.28249406570032
2020,"a",6,2.73884323741839
2020,"a",6,1.45027730100469
2020,"a",6,1.91199616302826
2020,"a",6,2.73204516557613
2020,"b",6,1.48114387854402
2020,"b",6,1.13263440253664
2020,"b",6,1.68104380833664
2020,"b",6,1.63073865577215
2020,"b",6,1.15407726529253
2020,"b",6,0.664822922085332
2020,"b",6,1.03074072832112
2020,"b",6,1.16003747029637
2020,"b",6,1.05759347574097
2020,"b",6,0.540696086996999
2020,"a",7,2.45012501866604
2020,"a",7,2.48616127401851
2020,"a",7,1.46145415687003
2020,"a",7,1.46599975354009
2020,"a",7,2.00375335868553
2020,"a",7,0.844874370858733
2020,"a",7,0.922320959954444
2020,"a",7,1.01266734694834
2020,"a",7,1.73376986674639
2020,"a",7,2.65753080887912
2020,"b",7,1.04180465616314
2020,"b",7,0.737593539211286
2020,"b",7,3.71653792864907
2020,"b",7,0.812129268325912
2020,"b",7,2.2428396160262
2020,"b",7,1.08773214750447
2020,"b",7,1.81913534932878
2020,"b",7,1.19579951363629
2020,"b",7,0.912803691305445
2020,"b",7,1.90987513117698
2020,"a",8,0.558868148571321
2020,"a",8,3.25064354795511
2020,"a",8,0.868885063384894
2020,"a",8,1.65458222206101
2020,"a",8,1.51005315824009
2020,"a",8,0.813779779283519
2020,"a",8,1.19000234765725
2020,"a",8,1.5471391620945
2020,"a",8,1.02350175219235
2020,"a",8,1.2328306847359
2020,"b",8,1.86826798341117
2020,"b",8,2.62151586920037
2020,"b",8,0.659304039287453
2020,"b",8,0.862149867639033
2020,"b",8,0.631243260929182
2020,"b",8,2.44794345785368
2020,"b",8,0.959132496095178
2020,"b",8,0.526342397539388
2020,"b",8,3.25678459127174
2020,"b",8,0.599218749792621
2020,"a",9,0.731009372417254
2020,"a",9,2.35518409655006
2020,"a",9,1.45413060363808
2020,"a",9,3.15100190467544
2020,"a",9,0.923051448841505
2020,"a",9,1.7578429957001
2020,"a",9,1.00768183655055
2020,"a",9,1.1176908125794
2020,"a",9,2.88122785153909
2020,"a",9,0.615710396886935
2020,"b",9,0.932702651803238
2020,"b",9,0.672655915079656
2020,"b",9,1.36825888230191
2020,"b",9,1.22043225195234
2020,"b",9,1.38657187656259
2020,"b",9,3.50315506015222
2020,"b",9,0.659638479546552
2020,"b",9,0.86664836854396
2020,"b",9,0.760091724913634
2020,"b",9,0.735496719658711
2020,"a",10,3.2713490328064
2020,"a",10,1.45772646874748
2020,"a",10,3.2902167432702
2020,"a",10,4.67015493738485
2020,"a",10,1.83854467580364
2020,"a",10,1.0067832617064
2020,"a",10,0.676336845318299
2020,"a",10,5.66714565460465
2020,"a",10,1.35018537975341
2020,"a",10,0.705160919368564
2020,"b",10,1.28549157106634
2020,"b",10,0.796088214420382
2020,"b",10,1.19968572320634
2020,"b",10,1.65379876913404
2020,"b",10,3.84095235753182
2020,"b",10,1.40500648678853
2020,"b",10,0.814946584539069
2020,"b",10,1.19515822594605
2020,"b",10,1.1226502793365
2020,"b",10,0.705341334559316
2020,"a",11,2.4690421999295
2020,"a",11,1.91088632629154
2020,"a",11,1.38334368929232
2020,"a",11,0.787175329333335
2020,"a",11,2.96698813761554
2020,"a",11,1.47660070511727
2020,"a",11,6.26315718142885
2020,"a",11,2.56199005401794
2020,"a",11,0.786259820860231
2020,"a",11,0.781062546207853
2020,"b",11,0.397130110772073
2020,"b",11,1.29122928338751
2020,"b",11,0.514630958228972
2020,"b",11,1.89343311273838
2020,"b",11,2.33155784381607
2020,"b",11,1.51594879008299
2020,"b",11,2.3768376704809
2020,"b",11,0.89231545063139
2020,"b",11,0.675622007976183
2020,"b",11,0.776910695023449
2020,"a",12,3.40439049230758
2020,"a",12,1.76067883805021
2020,"a",12,0.510628153831094
2020,"a",12,0.889296672968535
2020,"a",12,0.948350681458243
2020,"a",12,2.1468331512089
2020,"a",12,3.75184707532571
2020,"a",12,1.51967403475099
2020,"a",12,0.859648571344852
2020,"a",12,1.86838695012968
2020,"b",12,0.792429424917207
2020,"b",12,1.8230256508042
2020,"b",12,0.399676851776797
2020,"b",12,0.605507457517319
2020,"b",12,2.73135902812128
2020,"b",12,1.88199364704129
2020,"b",12,1.43270557110731
2020,"b",12,0.683338264178231
2020,"b",12,0.659339996557072
2020,"b",12,0.779708494048703
